SimPoint	BBV	INS	BR	PROC
8.327689492	0	4.5	4.56	9.4
8.712689492	4.3	5.4	5.4	9.2
9.262689492	5.1	6.1	6.1	9.5
9.757689492	5.8	6.4	6.9	10.1
10.38468949	6.1	7.4	7.6	10.24
10.47818949	6.4	7.5	7.6	10.31
10.68718949	6.8	7.9	7.8	10.29
10.65968949	7.1	7.8	7.6	10.34
10.50018949	7.8	7.5	7.5	10.35
10.85218949	8.9	8.1	7.4	10.39
11.02818949	10.1	8.4	7.2	10.41