SimPoint	BBV	INS	BR	PROC
69.81271267	24	38	44.3	60
68.46698765	39	53	53.4	61
75.59577308	48	55	56	63
74.75162663	54	59	59	66
75.84032744	59	60	59.61567934	67
76.24009052	63	61.2	59.24277895	68
81.89311386	67	62	61.22696929	68.3
80.44798208	70	63.5	61.68198257	68.6
83.8864549	72	64.5	62.79554789	68.8
82.41868238	73.7	66	64.5	69
85.8987166	76	67	65.17522746	69.1